{
    "bestScore": 6277,
    "difficulty": 0,
    "leftK": 81,
    "leftKey": 81,
    "rightK": 68,
    "rightKey": 68,
    "sfx": 0.3700000047683716,
    "song": 0.10000000149011612
}
